date,day,time
2016/01/05,Tue,57:17
2016/01/29,Fri,51:35
2016/02/01,Mon,4:20
2016/02/02,Tue,25:48
2016/02/08,Mon,23:06
2016/03/14,Mon,21:50
2016/03/21,Mon,11:25
2016/03/28,Mon,4:20
2016/03/29,Tue,33:55
2016/05/08,Sun,2:12:54
2016/05/09,Mon,14:22
2016/05/10,Tue,29:05
2016/05/11,Wed,17:52
2016/05/23,Mon,5:53
2016/05/25,Wed,31:31
2016/05/31,Tue,11:57
2016/06/03,Fri,51:24
2016/06/06,Mon,12:30
2016/06/12,Sun,1:14:08
2016/06/21,Tue,7:20
2016/07/19,Tue,26:33
2016/07/22,Fri,1:16:03
2016/07/25,Mon,7:03
2016/07/26,Tue,15:06
2016/07/27,Wed,52:43
2016/07/30,Sat,18:41
2016/08/01,Mon,6:58
2016/08/02,Tue,32:01
2016/08/03,Wed,27:12
2016/08/04,Thu,38:56
2016/08/05,Fri,52:45
2016/08/06,Sat,33:34
2016/08/07,Sun,1:12:22
2016/08/08,Mon,12:19
2016/08/09,Tue,10:03
2016/08/10,Wed,44:04
2016/08/11,Thu,34:36
2016/08/15,Mon,6:13
2016/08/16,Tue,8:25
2016/08/17,Wed,26:40
2016/09/01,Thu,20:31
2016/09/12,Mon,9:33
2016/09/13,Tue,16:44
2016/11/04,Fri,14:16
2016/11/09,Wed,4:57
2016/11/16,Wed,13:47
2016/11/18,Fri,29:35
2016/11/19,Sat,38:50
2016/12/20,Tue,5:05
2016/12/23,Fri,43:17
2016/12/24,Sat,55:54
2016/12/25,Sun,1:28:24
2016/12/27,Tue,11:29
2016/12/29,Thu,43:02
2016/12/30,Fri,37:27
2017/01/03,Tue,21:32
2017/01/06,Fri,55:52
2017/01/07,Sat,1:27:59
2017/01/08,Sun,1:26:40
2017/01/09,Mon,6:18
2017/01/12,Thu,21:18
2017/01/15,Sun,30:52
2017/01/16,Mon,11:42
2017/01/17,Tue,9:20
2017/01/18,Wed,10:21
2017/01/19,Thu,36:13
2017/01/23,Mon,9:00
2017/01/24,Tue,11:28
2017/01/30,Mon,7:03
2017/02/07,Tue,6:42
2017/02/08,Wed,4:07
2017/02/09,Thu,20:19
2017/02/10,Fri,16:13
2017/02/13,Mon,8:24
2017/02/21,Tue,8:22
2017/02/25,Sat,34:57
2017/03/09,Thu,29:09
2017/03/10,Fri,26:09
2017/03/13,Mon,11:10
2017/03/14,Tue,11:21
2017/03/15,Wed,21:33
2017/03/16,Thu,19:24
2017/03/17,Fri,37:34
2017/03/18,Sat,54:17
2017/03/19,Sun,52:12
2017/03/20,Mon,7:55
2017/03/21,Tue,8:06
2017/04/11,Tue,5:43
2017/04/18,Tue,11:01
2017/05/01,Mon,9:09
2017/06/14,Wed,18:39
2017/06/15,Thu,20:15
2017/06/19,Mon,6:59
2017/06/20,Tue,15:56
2017/06/26,Mon,6:53
2017/06/27,Tue,12:36
2017/07/17,Mon,6:59
2017/07/18,Tue,17:27
2017/07/20,Thu,28:28
2017/07/26,Wed,26:15
2017/07/29,Sat,56:11
2017/07/30,Sun,1:02:35
2017/08/02,Wed,17:52
2017/08/03,Thu,36:29
2017/08/05,Sat,40:49
2017/08/07,Mon,6:44
2017/08/08,Tue,13:18
2017/08/09,Wed,16:17
2017/08/10,Thu,36:28
2017/08/11,Fri,36:09
2017/08/12,Sat,35:53
2017/08/14,Mon,7:06
2017/08/15,Tue,11:27
2017/08/16,Wed,17:51
2017/08/21,Mon,6:44
2017/08/22,Tue,13:09
2017/08/23,Wed,10:46
2017/08/25,Fri,31:31
2017/08/28,Mon,7:38
2017/09/12,Tue,18:02
2017/09/13,Wed,16:35
2017/09/15,Fri,33:50
2017/09/18,Mon,5:43
2017/09/19,Tue,17:13
2017/09/20,Wed,34:05
2017/09/22,Fri,56:28
2017/09/25,Mon,7:47
2017/09/26,Tue,10:56
2017/09/27,Wed,29:25
2017/09/29,Fri,13:20
2017/10/02,Mon,5:20
2017/10/03,Tue,12:16
2017/10/04,Wed,18:18
2017/10/05,Thu,19:44
2017/10/08,Sun,23:45
2017/10/09,Mon,6:29
2017/10/10,Tue,8:30
2017/10/11,Wed,9:48
2017/10/12,Thu,29:17
2017/10/13,Fri,19:30
2017/10/14,Sat,19:46
2017/10/16,Mon,7:30
2017/10/17,Tue,8:03
2017/10/18,Wed,17:00
2017/10/19,Thu,31:01
2017/10/21,Sat,35:23
2017/10/29,Sun,39:17
2017/10/30,Mon,9:47
2017/11/01,Wed,19:53
2017/11/02,Thu,24:47
2017/11/03,Fri,12:03
2017/11/06,Mon,5:31
2017/11/13,Mon,12:16
2017/11/14,Tue,12:33
2017/11/17,Fri,21:46
2017/11/18,Sat,23:50
2017/11/21,Tue,8:08
2017/11/26,Sun,42:18
2017/11/27,Mon,7:34
2017/11/29,Wed,10:21
2017/12/01,Fri,12:58
2017/12/04,Mon,5:50
2017/12/05,Tue,8:14
2017/12/06,Wed,8:45
2017/12/08,Fri,16:23
2017/12/11,Mon,5:59
2017/12/12,Tue,15:48
2017/12/14,Thu,12:58
2017/12/15,Fri,17:41
2017/12/18,Mon,15:56
2017/12/20,Wed,10:16
2017/12/21,Thu,29:55
2017/12/26,Tue,10:29
2017/12/28,Thu,17:10
2018/01/01,Mon,12:12
2018/01/02,Tue,5:05
2018/01/03,Wed,10:45
2018/01/04,Thu,17:22
2018/01/05,Fri,31:48
2018/01/11,Thu,27:18
2018/01/13,Sat,24:54
2018/01/15,Mon,5:05
2018/01/29,Mon,5:42
2018/01/30,Tue,14:10
2018/02/01,Thu,13:03
2018/02/05,Mon,5:53
2018/02/07,Wed,16:08
2018/02/08,Thu,9:33
2018/02/12,Mon,3:06
2018/02/13,Tue,11:23
2018/03/05,Mon,7:24
2018/03/14,Wed,9:28
2018/04/21,Sat,19:52
2018/06/29,Fri,14:52
2018/06/30,Sat,20:06
2018/07/02,Mon,4:48
2018/07/03,Tue,9:02
2018/07/26,Thu,11:04
2018/07/30,Mon,8:33
2018/08/06,Mon,4:58
2018/08/28,Tue,10:48
2018/09/15,Sat,14:18
2018/10/12,Fri,24:48
2018/10/19,Fri,20:11
2018/11/04,Sun,33:44
2018/11/05,Mon,5:46
2018/11/06,Tue,7:29
2018/11/07,Wed,11:27
2018/11/10,Sat,28:08
2018/11/13,Tue,10:39
2018/11/15,Thu,23:05
2018/11/16,Fri,12:17
2018/11/18,Sun,48:28
2018/11/19,Mon,7:41
2018/11/26,Mon,6:14
2018/11/27,Tue,10:18
2018/12/03,Mon,5:07
2018/12/09,Sun,13:42
2018/12/10,Mon,6:11
2018/12/11,Tue,8:43
2018/12/12,Wed,8:42
2018/12/15,Sat,27:29
2018/12/17,Mon,5:27
2018/12/18,Tue,7:03
2018/12/19,Wed,11:21
2018/12/31,Mon,9:35
2019/01/01,Tue,8:46
2019/01/02,Wed,18:12
2019/01/03,Thu,23:48
2019/01/04,Fri,24:34
2019/01/07,Mon,9:20
2019/01/08,Tue,5:10
2019/01/09,Wed,10:48
2019/01/10,Thu,10:38
2019/01/16,Wed,9:41
2019/01/17,Thu,16:23
2019/01/18,Fri,36:28
2019/01/19,Sat,11:37
2019/01/20,Sun,23:01
2019/01/21,Mon,4:29
2019/01/22,Tue,14:33
2019/01/23,Wed,7:44
2019/01/24,Thu,14:19
2019/01/26,Sat,9:36
2019/01/27,Sun,24:43
2019/01/28,Mon,5:41
2019/01/29,Tue,5:03
2019/01/30,Wed,6:13
2019/01/31,Thu,11:42
2019/02/01,Fri,11:10
2019/02/02,Sat,35:40
2019/02/04,Mon,5:58
2019/02/05,Tue,6:48
2019/02/06,Wed,5:22
2019/02/07,Thu,17:52
2019/02/08,Fri,32:59
2019/02/09,Sat,21:34
2019/02/10,Sun,34:28
2019/02/11,Mon,6:18
2019/02/12,Tue,5:27
2019/02/14,Thu,12:07
2019/02/18,Mon,6:40
2019/02/19,Tue,6:40
2019/02/23,Sat,9:53
2019/02/24,Sun,17:19
2019/02/25,Mon,4:59
2019/02/26,Tue,7:28
2019/02/28,Thu,12:07
2019/03/01,Fri,14:41
2019/03/02,Sat,30:15
2019/03/04,Mon,5:45
2019/03/05,Tue,11:53
2019/03/06,Wed,11:11
2019/03/07,Thu,12:00
2019/03/08,Fri,8:44
2019/03/11,Mon,4:10
2019/03/12,Tue,6:27
2019/03/16,Sat,14:03
2019/03/17,Sun,23:55
2019/03/18,Mon,4:30
2019/03/19,Tue,7:39
2019/03/20,Wed,5:38
2019/03/21,Thu,10:40
2019/03/22,Fri,23:10
2019/03/23,Sat,14:11
2019/03/24,Sun,31:41
2019/03/25,Mon,5:55
2019/03/26,Tue,7:52
2019/03/27,Wed,7:05
2019/04/08,Mon,4:51
2019/04/09,Tue,10:33
2019/04/10,Wed,7:37
2019/04/12,Fri,7:28
2019/04/13,Sat,7:55
2019/04/14,Sun,20:39
2019/04/15,Mon,4:15
2019/04/16,Tue,5:42
2019/04/17,Wed,4:48
2019/04/18,Thu,16:59
2019/04/19,Fri,9:38
2019/04/20,Sat,22:36
2019/04/21,Sun,29:30
2019/04/22,Mon,4:12
2019/04/23,Tue,4:50
2019/04/24,Wed,5:40
2019/04/25,Thu,14:03
2019/04/26,Fri,23:14
2019/04/28,Sun,32:33
2019/04/29,Mon,4:50
2019/04/30,Tue,6:58
2019/05/01,Wed,6:16
2019/05/02,Thu,13:41
2019/05/03,Fri,28:14
2019/05/04,Sat,34:12
2019/05/05,Sun,40:22
2019/05/06,Mon,4:04
2019/05/07,Tue,5:26
2019/05/08,Wed,10:18
2019/05/09,Thu,14:24
2019/05/10,Fri,12:37
2019/05/11,Sat,14:21
2019/05/12,Sun,18:54
2019/05/13,Mon,4:18
2019/05/14,Tue,6:28
2019/05/15,Wed,7:39
2019/05/16,Thu,15:52
2019/05/17,Fri,14:13
2019/05/18,Sat,8:16
2019/05/19,Sun,35:06
2019/05/20,Mon,12:05
2019/05/21,Tue,6:59
2019/05/22,Wed,12:03
2019/05/23,Thu,22:15
2019/05/24,Fri,30:57
2019/05/27,Mon,3:40
2019/05/28,Tue,4:55
2019/05/29,Wed,15:31
2019/05/30,Thu,22:39
2019/06/01,Sat,13:12
2019/06/02,Sun,40:55
2019/06/03,Mon,7:22
2019/06/04,Tue,9:19
2019/06/08,Sat,21:44
2019/06/11,Tue,8:21
2019/06/14,Fri,15:52
2019/06/15,Sat,31:19
2019/06/24,Mon,8:17
2019/06/29,Sat,9:25
2019/06/30,Sun,26:28
2019/07/01,Mon,22:50
2019/07/02,Tue,38:30
2019/07/03,Wed,28:44
2019/07/04,Thu,1:00:38
2019/07/05,Fri,8:27
2019/07/06,Sat,29:02
2019/07/07,Sun,20:21
2019/07/08,Mon,12:37
2019/07/09,Tue,6:00
2019/07/10,Wed,10:27
2019/07/11,Thu,16:19
2019/07/12,Fri,12:42
2019/07/19,Fri,15:20
2019/07/20,Sat,21:50
2019/07/27,Sat,21:47
2019/07/31,Wed,11:39
2019/08/01,Thu,11:35
2019/08/07,Wed,9:37
2019/08/08,Thu,15:18
2019/08/10,Sat,18:49
2019/08/13,Tue,5:23
2019/08/14,Wed,7:31
2019/08/15,Thu,11:39
2019/08/19,Mon,5:40
2019/09/21,Sat,16:13
2019/09/25,Wed,7:22
2019/09/26,Thu,14:12
2019/10/07,Mon,3:17
2019/10/08,Tue,9:11
2019/10/12,Sat,15:58
2019/10/21,Mon,6:12
2019/10/22,Tue,11:08
2019/11/30,Sat,15:54
2019/12/23,Mon,4:57
2019/12/25,Wed,8:38
2019/12/26,Thu,10:06
2019/12/27,Fri,14:15
2019/12/28,Sat,15:56
2019/12/29,Sun,17:43
2020/01/01,Wed,10:32
2020/01/02,Thu,10:58
2020/01/05,Sun,32:59
2020/01/06,Mon,9:00
2020/01/15,Wed,11:19
2020/01/20,Mon,5:47
2020/01/21,Tue,11:38
2020/01/23,Thu,29:12
2020/01/24,Fri,22:39
2020/01/25,Sat,32:18
2020/01/26,Sun,21:26
2020/01/27,Mon,10:26
2020/01/28,Tue,7:12
2020/01/29,Wed,16:46
2020/02/02,Sun,25:23
2020/02/03,Mon,6:27
2020/02/04,Tue,7:11
2020/02/05,Wed,16:22
2020/02/06,Thu,27:37
2020/02/07,Fri,22:04
2020/02/08,Sat,24:16
2020/02/09,Sun,20:32
2020/02/10,Mon,9:00
2020/02/11,Tue,8:33
2020/02/12,Wed,17:07
2020/02/13,Thu,19:06
2020/02/14,Fri,18:10
2020/02/16,Sun,31:08
2020/02/17,Mon,6:08
2020/02/18,Tue,11:42
2020/02/19,Wed,13:14
2020/02/20,Thu,26:25
2020/02/21,Fri,21:38
2020/02/22,Sat,38:52
2020/02/23,Sun,29:53
2020/02/24,Mon,6:05
2020/02/25,Tue,8:29
2020/02/26,Wed,11:28
2020/02/27,Thu,20:03
2020/02/28,Fri,19:25
2020/02/29,Sat,29:45
2020/03/01,Sun,28:13
2020/03/02,Mon,12:27
2020/03/03,Tue,12:05
2020/03/04,Wed,17:28
2020/03/05,Thu,28:23
2020/03/07,Sat,11:51
2020/03/08,Sun,28:45
2020/03/09,Mon,8:37
2020/03/10,Tue,8:04
2020/03/11,Wed,9:04
2020/03/12,Thu,22:27
2020/03/13,Fri,17:42
2020/03/14,Sat,43:35
2020/03/15,Sun,30:11
2020/03/16,Mon,8:41
2020/03/17,Tue,14:58
2020/03/18,Wed,8:32
2020/03/19,Thu,11:33
2020/03/20,Fri,26:23
2020/03/21,Sat,24:11
2020/03/22,Sun,30:11
2020/03/23,Mon,3:34
2020/03/24,Tue,6:01
2020/03/25,Wed,10:50
2020/03/26,Thu,20:29
2020/03/27,Fri,23:29
2020/03/28,Sat,33:51
2020/03/29,Sun,22:32
2020/03/30,Mon,4:10
2020/03/31,Tue,6:12
2020/04/01,Wed,12:20
2020/04/02,Thu,18:01
2020/04/03,Fri,27:53
2020/04/04,Sat,12:57
2020/04/05,Sun,34:27
2020/04/06,Mon,4:48
2020/04/07,Tue,4:16
2020/04/08,Wed,11:49
2020/04/09,Thu,15:51
2020/04/10,Fri,8:07
2020/04/11,Sat,16:03
2020/04/12,Sun,25:47
2020/04/13,Mon,3:41
2020/04/14,Tue,6:02
2020/04/15,Wed,11:53
2020/04/16,Thu,23:28
2020/04/17,Fri,24:51
2020/04/19,Sun,23:51
2020/04/20,Mon,4:52
2020/04/21,Tue,7:46
2020/04/22,Wed,13:53
2020/04/23,Thu,15:51
2020/04/24,Fri,23:54
2020/04/25,Sat,21:05
2020/04/26,Sun,30:57
2020/04/27,Mon,6:09
2020/04/28,Tue,7:15
2020/04/29,Wed,13:38
2020/04/30,Thu,12:28
2020/05/01,Fri,17:36
2020/05/02,Sat,17:35
2020/05/03,Sun,23:32
2020/05/04,Mon,4:49
2020/05/05,Tue,6:39
2020/05/06,Wed,9:26
2020/05/07,Thu,16:41
2020/05/08,Fri,23:56
2020/05/09,Sat,12:53
2020/05/10,Sun,26:02
2020/05/11,Mon,4:59
2020/05/12,Tue,5:08
2020/05/13,Wed,11:37
2020/05/14,Thu,9:31
2020/05/15,Fri,12:44
2020/05/16,Sat,9:43
2020/05/17,Sun,31:21
2020/05/18,Mon,4:22
2020/05/19,Tue,6:57
2020/05/20,Wed,11:02
2020/05/21,Thu,15:41
2020/05/22,Fri,20:40
2020/05/23,Sat,11:24
2020/05/24,Sun,33:00
2020/05/25,Mon,6:55
2020/05/26,Tue,8:43
2020/05/27,Wed,10:44
2020/05/28,Thu,13:38
2020/05/29,Fri,26:16
2020/05/30,Sat, 18:58
2020/05/31,Sun, 21:54
2020/06/01,Mon, 3:51
2020/06/01,Mon, 6:26
2020/06/03,Wed, 8:04
2020/06/04,Thu, 8:31
2020/06/05,Fri, 22:04
2020/06/06,Sat, 21:43
2020/06/07,Sun, 21:44
2020/06/08,Mon, 4:00
2020/06/09,Tue, 10:25
2020/06/10,Wed, 5:58
2020/06/11,Thu, 26:21
2020/06/12,Fri, 29:39
2020/06/13,Sat, 28:26
2020/06/14,Sun, 27:44
2020/06/15,Mon, 3:35
2020/06/16,Tue, 11:38
2020/06/17,Wed, 10:32
2020/06/18,Thu, 17:13
2020/06/19,Fri, 18:12
2020/06/20,Sat, 11:15
2020/06/21,Sun, 20:10
2020/06/22,Mon, 5:27
2020/06/23,Tue, 6:37
2020/06/24,Wed, 6:38
2020/06/25,Thu, 10:31
2020/06/26,Fri, 15:13
2020/06/27,Sat, 14:47
2020/06/28,Sun, 23:20
2020/06/29,Mon, 11:54
2020/06/30,Tue, 8:32
2020/07/01,Wed, 4:42
2020/07/02,Thu, 8:42
2020/07/03,Fri, 12:31
2020/07/04,Sat, 15:43
2020/07/05,Sun, 15:37
2020/07/06,Mon, 4:04
2020/07/07,Tue, 4:32
2020/07/08,Wed, 8:37
2020/07/09,Thu, 26:21
2020/07/10,Fri, 19:09
2020/07/11,Sat, 20:56
2020/07/12,Sun, 17:52
2020/07/13,Mon, 5:33
